title:Cortex_data, start timestamp:1586024893.723758, stop timestamp:1586025073.725302, headset type:INSIGHT, headset serial:5A687D62, headset firmware:925, subject name:hsestudent, channels:31, sampling rate:0.1, samples:357       , version:2.0
Timestamp,PM.Engagement.IsActive,PM.Engagement.Scaled,PM.Engagement.Raw,PM.Engagement.Min,PM.Engagement.Max,PM.Excitement.IsActive,PM.Excitement.Scaled,PM.Excitement.Raw,PM.Excitement.Min,PM.Excitement.Max,PM.LongTermExcitement,PM.Stress.IsActive,PM.Stress.Scaled,PM.Stress.Raw,PM.Stress.Min,PM.Stress.Max,PM.Relaxation.IsActive,PM.Relaxation.Scaled,PM.Relaxation.Raw,PM.Relaxation.Min,PM.Relaxation.Max,PM.Interest.IsActive,PM.Interest.Scaled,PM.Interest.Raw,PM.Interest.Min,PM.Interest.Max,PM.Focus.IsActive,PM.Focus.Scaled,PM.Focus.Raw,PM.Focus.Min,PM.Focus.Max
1586024893.865668,,,,,,,,,,,,,,,,,,,,,,,,,,,,,,,
1586024894.369602,,,,,,,,,,,,,,,,,,,,,,,,,,,,,,,
1586024894.873684,,,,,,,,,,,,,,,,,,,,,,,,,,,,,,,
1586024895.378027,,,,,,,,,,,,,,,,,,,,,,,,,,,,,,,
1586024895.882427,,,,,,,,,,,,,,,,,,,,,,,,,,,,,,,
1586024896.387010,,,,,,,,,,,,,,,,,,,,,,,,,,,,,,,
1586024896.891140,,,,,,,,,,,,,,,,,,,,,,,,,,,,,,,
1586024897.395136,,,,,,,,,,,,,,,,,,,,,,,,,,,,,,,
1586024897.899607,,,,,,,,,,,,,,,,,,,,,,,,,,,,,,,
1586024898.403958,,,,,,,,,,,,,,,,,,,,,,,,,,,,,,,
1586024898.908080,,,,,,,,,,,,,,,,,,,,,,,,,,,,,,,
1586024899.412384,,,,,,,,,,,,,,,,,,,,,,,,,,,,,,,
1586024899.917182,,,,,,,,,,,,,,,,,,,,,,,,,,,,,,,
1586024900.421247,,,,,,,,,,,,,,,,,,,,,,,,,,,,,,,
1586024900.925187,,,,,,,,,,,,,,,,,,,,,,,,,,,,,,,
1586024901.429310,,,,,,,,,,,,,,,,,,,,,,,,,,,,,,,
1586024901.933920,,,,,,,,,,,,,,,,,,,,,,,,,,,,,,,
1586024902.438613,,,,,,,,,,,,,,,,,,,,,,,,,,,,,,,
1586024902.942593,,,,,,,,,,,,,,,,,,,,,,,,,,,,,,,
1586024903.446960,0,0.493731,0.684069,-0.613892,1.107756,0,0.128760,1.547659,-0.980161,9.492611,0.048130,0,0.226652,-0.119809,-0.309357,0.222768,0,0.314184,0.169540,-0.775132,1.069673,0,0.526667,23.916455,-34.173755,37.073228,0,0.277836,0.364875,0.272135,0.457156
1586024903.951425,,,,,,,,,,,,,,,,,,,,,,,,,,,,,,,
1586024904.455558,,,,,,,,,,,,,,,,,,,,,,,,,,,,,,,
1586024904.959997,,,,,,,,,,,,,,,,,,,,,,,,,,,,,,,
1586024905.464121,,,,,,,,,,,,,,,,,,,,,,,,,,,,,,,
1586024905.968441,,,,,,,,,,,,,,,,,,,,,,,,,,,,,,,
1586024906.472947,,,,,,,,,,,,,,,,,,,,,,,,,,,,,,,
1586024906.977242,,,,,,,,,,,,,,,,,,,,,,,,,,,,,,,
1586024907.481431,,,,,,,,,,,,,,,,,,,,,,,,,,,,,,,
1586024907.986324,,,,,,,,,,,,,,,,,,,,,,,,,,,,,,,
1586024908.491000,,,,,,,,,,,,,,,,,,,,,,,,,,,,,,,
1586024908.995069,,,,,,,,,,,,,,,,,,,,,,,,,,,,,,,
1586024909.498929,,,,,,,,,,,,,,,,,,,,,,,,,,,,,,,
1586024910.003183,,,,,,,,,,,,,,,,,,,,,,,,,,,,,,,
1586024910.507733,,,,,,,,,,,,,,,,,,,,,,,,,,,,,,,
1586024911.011971,,,,,,,,,,,,,,,,,,,,,,,,,,,,,,,
1586024911.516108,,,,,,,,,,,,,,,,,,,,,,,,,,,,,,,
1586024912.020848,,,,,,,,,,,,,,,,,,,,,,,,,,,,,,,
1586024912.525479,,,,,,,,,,,,,,,,,,,,,,,,,,,,,,,
1586024913.029599,,,,,,,,,,,,,,,,,,,,,,,,,,,,,,,
1586024913.533713,1,0.662215,0.980357,-0.850618,1.783749,1,0.224726,2.525358,-1.495141,12.271923,0.118723,1,0.283941,-0.180855,-0.409778,0.264994,1,0.408363,0.143852,-0.951932,1.398934,1,0.640411,24.595955,-57.054658,67.416857,1,0.357080,0.488958,0.386579,0.629471
1586024914.037817,,,,,,,,,,,,,,,,,,,,,,,,,,,,,,,
1586024914.542422,,,,,,,,,,,,,,,,,,,,,,,,,,,,,,,
1586024915.046623,,,,,,,,,,,,,,,,,,,,,,,,,,,,,,,
1586024915.551017,,,,,,,,,,,,,,,,,,,,,,,,,,,,,,,
1586024916.055411,,,,,,,,,,,,,,,,,,,,,,,,,,,,,,,
1586024916.560000,,,,,,,,,,,,,,,,,,,,,,,,,,,,,,,
1586024917.064685,,,,,,,,,,,,,,,,,,,,,,,,,,,,,,,
1586024917.568665,,,,,,,,,,,,,,,,,,,,,,,,,,,,,,,
1586024918.072842,,,,,,,,,,,,,,,,,,,,,,,,,,,,,,,
1586024918.577416,,,,,,,,,,,,,,,,,,,,,,,,,,,,,,,
1586024919.081483,,,,,,,,,,,,,,,,,,,,,,,,,,,,,,,
1586024919.585750,,,,,,,,,,,,,,,,,,,,,,,,,,,,,,,
1586024920.090114,,,,,,,,,,,,,,,,,,,,,,,,,,,,,,,
1586024920.594572,,,,,,,,,,,,,,,,,,,,,,,,,,,,,,,
1586024921.098825,,,,,,,,,,,,,,,,,,,,,,,,,,,,,,,
1586024921.602976,,,,,,,,,,,,,,,,,,,,,,,,,,,,,,,
1586024922.107429,,,,,,,,,,,,,,,,,,,,,,,,,,,,,,,
1586024922.611876,,,,,,,,,,,,,,,,,,,,,,,,,,,,,,,
1586024923.116220,,,,,,,,,,,,,,,,,,,,,,,,,,,,,,,
1586024923.620358,1,0.511117,0.783773,-0.689551,1.670332,1,0.365615,4.401750,-1.070187,10.295921,0.170768,1,0.277065,-0.141280,-0.354799,0.206197,1,0.348150,0.093955,-0.759359,1.154202,1,0.523481,20.446422,-47.123808,60.711078,1,0.332587,0.440292,0.351436,0.555302
1586024924.124801,,,,,,,,,,,,,,,,,,,,,,,,,,,,,,,
1586024924.629538,,,,,,,,,,,,,,,,,,,,,,,,,,,,,,,
1586024925.133570,,,,,,,,,,,,,,,,,,,,,,,,,,,,,,,
1586024925.637700,,,,,,,,,,,,,,,,,,,,,,,,,,,,,,,
1586024926.141830,,,,,,,,,,,,,,,,,,,,,,,,,,,,,,,
1586024926.646459,,,,,,,,,,,,,,,,,,,,,,,,,,,,,,,
1586024927.151386,,,,,,,,,,,,,,,,,,,,,,,,,,,,,,,
1586024927.655611,,,,,,,,,,,,,,,,,,,,,,,,,,,,,,,
1586024928.159527,,,,,,,,,,,,,,,,,,,,,,,,,,,,,,,
1586024928.663945,,,,,,,,,,,,,,,,,,,,,,,,,,,,,,,
1586024929.168259,,,,,,,,,,,,,,,,,,,,,,,,,,,,,,,
1586024929.672166,,,,,,,,,,,,,,,,,,,,,,,,,,,,,,,
1586024930.176674,,,,,,,,,,,,,,,,,,,,,,,,,,,,,,,
1586024930.681086,,,,,,,,,,,,,,,,,,,,,,,,,,,,,,,
1586024931.186195,,,,,,,,,,,,,,,,,,,,,,,,,,,,,,,
1586024931.690302,,,,,,,,,,,,,,,,,,,,,,,,,,,,,,,
1586024932.194203,,,,,,,,,,,,,,,,,,,,,,,,,,,,,,,
1586024932.698606,,,,,,,,,,,,,,,,,,,,,,,,,,,,,,,
1586024933.203206,,,,,,,,,,,,,,,,,,,,,,,,,,,,,,,
1586024933.707406,0,0.375090,0.579235,-0.458394,1.243448,0,0.181049,1.709135,-0.579083,7.462318,0.176580,0,0.225979,-0.098881,-0.255663,0.137670,0,0.292656,0.114163,-0.524947,0.829308,0,0.394520,15.960453,-32.827161,44.983815,0,0.249462,0.321027,0.267480,0.416056
1586024934.211605,,,,,,,,,,,,,,,,,,,,,,,,,,,,,,,
1586024934.716097,,,,,,,,,,,,,,,,,,,,,,,,,,,,,,,
1586024935.220693,,,,,,,,,,,,,,,,,,,,,,,,,,,,,,,
1586024935.724685,,,,,,,,,,,,,,,,,,,,,,,,,,,,,,,
1586024936.228978,,,,,,,,,,,,,,,,,,,,,,,,,,,,,,,
1586024936.733670,,,,,,,,,,,,,,,,,,,,,,,,,,,,,,,
1586024937.238261,,,,,,,,,,,,,,,,,,,,,,,,,,,,,,,
1586024937.742548,,,,,,,,,,,,,,,,,,,,,,,,,,,,,,,
1586024938.246634,,,,,,,,,,,,,,,,,,,,,,,,,,,,,,,
1586024938.751121,,,,,,,,,,,,,,,,,,,,,,,,,,,,,,,
1586024939.255304,,,,,,,,,,,,,,,,,,,,,,,,,,,,,,,
1586024939.759688,,,,,,,,,,,,,,,,,,,,,,,,,,,,,,,
1586024940.263770,,,,,,,,,,,,,,,,,,,,,,,,,,,,,,,
1586024940.770901,,,,,,,,,,,,,,,,,,,,,,,,,,,,,,,
1586024941.271548,,,,,,,,,,,,,,,,,,,,,,,,,,,,,,,
1586024941.772202,,,,,,,,,,,,,,,,,,,,,,,,,,,,,,,
1586024942.272958,,,,,,,,,,,,,,,,,,,,,,,,,,,,,,,
1586024942.773613,,,,,,,,,,,,,,,,,,,,,,,,,,,,,,,
1586024943.274274,,,,,,,,,,,,,,,,,,,,,,,,,,,,,,,
1586024943.775035,0,,,,,0,,,,,,0,,,,,0,,,,,0,,,,,0,,,,
1586024944.275702,,,,,,,,,,,,,,,,,,,,,,,,,,,,,,,
1586024944.776467,,,,,,,,,,,,,,,,,,,,,,,,,,,,,,,
1586024945.277137,,,,,,,,,,,,,,,,,,,,,,,,,,,,,,,
1586024945.777811,,,,,,,,,,,,,,,,,,,,,,,,,,,,,,,
1586024946.278586,,,,,,,,,,,,,,,,,,,,,,,,,,,,,,,
1586024946.779262,,,,,,,,,,,,,,,,,,,,,,,,,,,,,,,
1586024947.280240,,,,,,,,,,,,,,,,,,,,,,,,,,,,,,,
1586024947.782721,,,,,,,,,,,,,,,,,,,,,,,,,,,,,,,
1586024948.286403,,,,,,,,,,,,,,,,,,,,,,,,,,,,,,,
1586024948.790387,,,,,,,,,,,,,,,,,,,,,,,,,,,,,,,
1586024949.294473,,,,,,,,,,,,,,,,,,,,,,,,,,,,,,,
1586024949.798761,,,,,,,,,,,,,,,,,,,,,,,,,,,,,,,
1586024950.303350,,,,,,,,,,,,,,,,,,,,,,,,,,,,,,,
1586024950.807239,,,,,,,,,,,,,,,,,,,,,,,,,,,,,,,
1586024951.311328,,,,,,,,,,,,,,,,,,,,,,,,,,,,,,,
1586024951.815924,,,,,,,,,,,,,,,,,,,,,,,,,,,,,,,
1586024952.320419,,,,,,,,,,,,,,,,,,,,,,,,,,,,,,,
1586024952.824716,,,,,,,,,,,,,,,,,,,,,,,,,,,,,,,
1586024953.328814,,,,,,,,,,,,,,,,,,,,,,,,,,,,,,,
1586024953.833415,0,,,,,0,,,,,,0,,,,,0,,,,,0,,,,,0,,,,
1586024954.338021,,,,,,,,,,,,,,,,,,,,,,,,,,,,,,,
1586024954.842226,,,,,,,,,,,,,,,,,,,,,,,,,,,,,,,
1586024955.346532,,,,,,,,,,,,,,,,,,,,,,,,,,,,,,,
1586024955.851041,,,,,,,,,,,,,,,,,,,,,,,,,,,,,,,
1586024956.355250,,,,,,,,,,,,,,,,,,,,,,,,,,,,,,,
1586024956.859362,,,,,,,,,,,,,,,,,,,,,,,,,,,,,,,
1586024957.363674,,,,,,,,,,,,,,,,,,,,,,,,,,,,,,,
1586024957.868492,,,,,,,,,,,,,,,,,,,,,,,,,,,,,,,
1586024958.372404,,,,,,,,,,,,,,,,,,,,,,,,,,,,,,,
1586024958.876924,,,,,,,,,,,,,,,,,,,,,,,,,,,,,,,
1586024959.380639,,,,,,,,,,,,,,,,,,,,,,,,,,,,,,,
1586024959.885360,,,,,,,,,,,,,,,,,,,,,,,,,,,,,,,
1586024960.389883,,,,,,,,,,,,,,,,,,,,,,,,,,,,,,,
1586024960.894309,,,,,,,,,,,,,,,,,,,,,,,,,,,,,,,
1586024961.398233,,,,,,,,,,,,,,,,,,,,,,,,,,,,,,,
1586024961.902960,,,,,,,,,,,,,,,,,,,,,,,,,,,,,,,
1586024962.407790,,,,,,,,,,,,,,,,,,,,,,,,,,,,,,,
1586024962.911621,,,,,,,,,,,,,,,,,,,,,,,,,,,,,,,
1586024963.415651,,,,,,,,,,,,,,,,,,,,,,,,,,,,,,,
1586024963.920182,0,0.638909,0.943784,-0.653491,2.188226,0,0.235932,2.022940,-1.284894,12.711053,0.294526,0,0.384620,-0.203648,-0.446120,0.206814,0,0.532234,0.238932,-0.845846,1.443830,0,0.685941,26.807434,-50.978855,78.178653,0,0.373904,0.586863,0.499566,0.749097
1586024964.425017,,,,,,,,,,,,,,,,,,,,,,,,,,,,,,,
1586024964.929054,,,,,,,,,,,,,,,,,,,,,,,,,,,,,,,
1586024965.433189,,,,,,,,,,,,,,,,,,,,,,,,,,,,,,,
1586024965.937525,,,,,,,,,,,,,,,,,,,,,,,,,,,,,,,
1586024966.441965,,,,,,,,,,,,,,,,,,,,,,,,,,,,,,,
1586024966.946508,,,,,,,,,,,,,,,,,,,,,,,,,,,,,,,
1586024967.450748,,,,,,,,,,,,,,,,,,,,,,,,,,,,,,,
1586024967.955092,,,,,,,,,,,,,,,,,,,,,,,,,,,,,,,
1586024968.459837,,,,,,,,,,,,,,,,,,,,,,,,,,,,,,,
1586024968.963781,,,,,,,,,,,,,,,,,,,,,,,,,,,,,,,
1586024969.467927,,,,,,,,,,,,,,,,,,,,,,,,,,,,,,,
1586024969.972276,,,,,,,,,,,,,,,,,,,,,,,,,,,,,,,
1586024970.476927,,,,,,,,,,,,,,,,,,,,,,,,,,,,,,,
1586024970.981177,,,,,,,,,,,,,,,,,,,,,,,,,,,,,,,
1586024971.486549,,,,,,,,,,,,,,,,,,,,,,,,,,,,,,,
1586024971.994192,,,,,,,,,,,,,,,,,,,,,,,,,,,,,,,
1586024972.501837,,,,,,,,,,,,,,,,,,,,,,,,,,,,,,,
1586024973.009381,,,,,,,,,,,,,,,,,,,,,,,,,,,,,,,
1586024973.516624,,,,,,,,,,,,,,,,,,,,,,,,,,,,,,,
1586024974.022171,1,,,,,1,,,,,,1,,,,,1,,,,,1,,,,,1,,,,
1586024974.526917,,,,,,,,,,,,,,,,,,,,,,,,,,,,,,,
1586024975.031464,,,,,,,,,,,,,,,,,,,,,,,,,,,,,,,
1586024975.535813,,,,,,,,,,,,,,,,,,,,,,,,,,,,,,,
1586024976.040162,,,,,,,,,,,,,,,,,,,,,,,,,,,,,,,
1586024976.545012,,,,,,,,,,,,,,,,,,,,,,,,,,,,,,,
1586024977.049163,,,,,,,,,,,,,,,,,,,,,,,,,,,,,,,
1586024977.553012,,,,,,,,,,,,,,,,,,,,,,,,,,,,,,,
1586024978.057764,,,,,,,,,,,,,,,,,,,,,,,,,,,,,,,
1586024978.562316,,,,,,,,,,,,,,,,,,,,,,,,,,,,,,,
1586024979.066469,,,,,,,,,,,,,,,,,,,,,,,,,,,,,,,
1586024979.570219,,,,,,,,,,,,,,,,,,,,,,,,,,,,,,,
1586024980.074772,,,,,,,,,,,,,,,,,,,,,,,,,,,,,,,
1586024980.579326,,,,,,,,,,,,,,,,,,,,,,,,,,,,,,,
1586024981.083679,,,,,,,,,,,,,,,,,,,,,,,,,,,,,,,
1586024981.587932,,,,,,,,,,,,,,,,,,,,,,,,,,,,,,,
1586024982.092287,,,,,,,,,,,,,,,,,,,,,,,,,,,,,,,
1586024982.596842,,,,,,,,,,,,,,,,,,,,,,,,,,,,,,,
1586024983.101097,,,,,,,,,,,,,,,,,,,,,,,,,,,,,,,
1586024983.605052,,,,,,,,,,,,,,,,,,,,,,,,,,,,,,,
1586024984.109509,1,0.957254,1.438224,-0.811479,3.263222,1,0.653685,6.776346,-1.975361,18.675059,0.458933,1,0.604456,-0.305460,-0.662763,0.272669,1,0.853489,0.507353,-1.171705,2.146963,1,1.068744,43.465910,-69.148362,116.064869,1,0.582634,0.912059,0.779836,1.143287
1586024984.614167,,,,,,,,,,,,,,,,,,,,,,,,,,,,,,,
1586024985.118725,,,,,,,,,,,,,,,,,,,,,,,,,,,,,,,
1586024985.622983,,,,,,,,,,,,,,,,,,,,,,,,,,,,,,,
1586024986.127242,,,,,,,,,,,,,,,,,,,,,,,,,,,,,,,
1586024986.631401,,,,,,,,,,,,,,,,,,,,,,,,,,,,,,,
1586024987.135761,,,,,,,,,,,,,,,,,,,,,,,,,,,,,,,
1586024987.640120,,,,,,,,,,,,,,,,,,,,,,,,,,,,,,,
1586024988.144378,,,,,,,,,,,,,,,,,,,,,,,,,,,,,,,
1586024988.648838,,,,,,,,,,,,,,,,,,,,,,,,,,,,,,,
1586024989.156537,,,,,,,,,,,,,,,,,,,,,,,,,,,,,,,
1586024989.663635,,,,,,,,,,,,,,,,,,,,,,,,,,,,,,,
1586024990.169036,,,,,,,,,,,,,,,,,,,,,,,,,,,,,,,
1586024990.675048,,,,,,,,,,,,,,,,,,,,,,,,,,,,,,,
1586024991.182783,,,,,,,,,,,,,,,,,,,,,,,,,,,,,,,
1586024991.689317,,,,,,,,,,,,,,,,,,,,,,,,,,,,,,,
1586024992.194255,,,,,,,,,,,,,,,,,,,,,,,,,,,,,,,
1586024992.699595,,,,,,,,,,,,,,,,,,,,,,,,,,,,,,,
1586024993.203831,,,,,,,,,,,,,,,,,,,,,,,,,,,,,,,
1586024993.707770,,,,,,,,,,,,,,,,,,,,,,,,,,,,,,,
1586024994.212107,1,0.462958,0.684926,-0.332993,1.589820,1,0.459555,4.591665,-0.674916,9.141614,0.311138,1,0.315742,-0.149070,-0.322161,0.118715,1,0.429430,0.275914,-0.534950,1.046151,1,0.508898,18.920619,-31.073298,56.320922,1,0.286797,0.456782,0.394004,0.566581
1586024994.716947,,,,,,,,,,,,,,,,,,,,,,,,,,,,,,,
1586024995.221385,,,,,,,,,,,,,,,,,,,,,,,,,,,,,,,
1586024995.725423,,,,,,,,,,,,,,,,,,,,,,,,,,,,,,,
1586024996.229559,,,,,,,,,,,,,,,,,,,,,,,,,,,,,,,
1586024996.734398,,,,,,,,,,,,,,,,,,,,,,,,,,,,,,,
1586024997.238737,,,,,,,,,,,,,,,,,,,,,,,,,,,,,,,
1586024997.742977,,,,,,,,,,,,,,,,,,,,,,,,,,,,,,,
1586024998.247317,,,,,,,,,,,,,,,,,,,,,,,,,,,,,,,
1586024998.751556,,,,,,,,,,,,,,,,,,,,,,,,,,,,,,,
1586024999.256294,,,,,,,,,,,,,,,,,,,,,,,,,,,,,,,
1586024999.760332,,,,,,,,,,,,,,,,,,,,,,,,,,,,,,,
1586025000.264469,,,,,,,,,,,,,,,,,,,,,,,,,,,,,,,
1586025000.769408,,,,,,,,,,,,,,,,,,,,,,,,,,,,,,,
1586025001.273446,,,,,,,,,,,,,,,,,,,,,,,,,,,,,,,
1586025001.777583,,,,,,,,,,,,,,,,,,,,,,,,,,,,,,,
1586025002.282021,,,,,,,,,,,,,,,,,,,,,,,,,,,,,,,
1586025002.786459,,,,,,,,,,,,,,,,,,,,,,,,,,,,,,,
1586025003.290997,,,,,,,,,,,,,,,,,,,,,,,,,,,,,,,
1586025003.795235,,,,,,,,,,,,,,,,,,,,,,,,,,,,,,,
1586025004.299575,1,0.456181,0.671851,-0.292787,1.561911,1,0.394234,3.696777,-0.478568,9.084087,0.363836,1,0.290218,-0.158740,-0.317570,0.109016,1,0.421393,0.255170,-0.505496,1.029025,1,0.503906,19.219297,-29.001923,54.909971,1,0.328111,0.467145,0.396760,0.563417
1586025004.804115,,,,,,,,,,,,,,,,,,,,,,,,,,,,,,,
1586025005.308353,,,,,,,,,,,,,,,,,,,,,,,,,,,,,,,
1586025005.812292,,,,,,,,,,,,,,,,,,,,,,,,,,,,,,,
1586025006.316631,,,,,,,,,,,,,,,,,,,,,,,,,,,,,,,
1586025006.821171,,,,,,,,,,,,,,,,,,,,,,,,,,,,,,,
1586025007.325710,,,,,,,,,,,,,,,,,,,,,,,,,,,,,,,
1586025007.829746,,,,,,,,,,,,,,,,,,,,,,,,,,,,,,,
1586025008.333884,,,,,,,,,,,,,,,,,,,,,,,,,,,,,,,
1586025008.838424,,,,,,,,,,,,,,,,,,,,,,,,,,,,,,,
1586025009.343972,,,,,,,,,,,,,,,,,,,,,,,,,,,,,,,
1586025009.851642,,,,,,,,,,,,,,,,,,,,,,,,,,,,,,,
1586025010.358718,,,,,,,,,,,,,,,,,,,,,,,,,,,,,,,
1586025010.866418,,,,,,,,,,,,,,,,,,,,,,,,,,,,,,,
1586025011.373818,,,,,,,,,,,,,,,,,,,,,,,,,,,,,,,
1586025011.879517,,,,,,,,,,,,,,,,,,,,,,,,,,,,,,,
1586025012.384118,,,,,,,,,,,,,,,,,,,,,,,,,,,,,,,
1586025012.888920,,,,,,,,,,,,,,,,,,,,,,,,,,,,,,,
1586025013.393622,,,,,,,,,,,,,,,,,,,,,,,,,,,,,,,
1586025013.897622,,,,,,,,,,,,,,,,,,,,,,,,,,,,,,,
1586025014.401823,0,0.305106,0.486231,-0.166531,0.991091,0,0.157417,1.492096,-0.232235,5.745476,0.233276,0,0.229703,-0.098407,-0.202471,0.067197,0,0.261506,0.120201,-0.310637,0.660811,0,0.308403,11.024943,-17.594587,34.643399,0,0.173644,0.287249,0.257991,0.363790
1586025014.906524,,,,,,,,,,,,,,,,,,,,,,,,,,,,,,,
1586025015.410924,,,,,,,,,,,,,,,,,,,,,,,,,,,,,,,
1586025015.915024,,,,,,,,,,,,,,,,,,,,,,,,,,,,,,,
1586025016.419424,,,,,,,,,,,,,,,,,,,,,,,,,,,,,,,
1586025016.923825,,,,,,,,,,,,,,,,,,,,,,,,,,,,,,,
1586025017.428225,,,,,,,,,,,,,,,,,,,,,,,,,,,,,,,
1586025017.932424,,,,,,,,,,,,,,,,,,,,,,,,,,,,,,,
1586025018.436523,,,,,,,,,,,,,,,,,,,,,,,,,,,,,,,
1586025018.941324,,,,,,,,,,,,,,,,,,,,,,,,,,,,,,,
1586025019.445724,,,,,,,,,,,,,,,,,,,,,,,,,,,,,,,
1586025019.949923,,,,,,,,,,,,,,,,,,,,,,,,,,,,,,,
1586025020.453921,,,,,,,,,,,,,,,,,,,,,,,,,,,,,,,
1586025020.958518,,,,,,,,,,,,,,,,,,,,,,,,,,,,,,,
1586025021.463016,,,,,,,,,,,,,,,,,,,,,,,,,,,,,,,
1586025021.967013,,,,,,,,,,,,,,,,,,,,,,,,,,,,,,,
1586025022.470909,,,,,,,,,,,,,,,,,,,,,,,,,,,,,,,
1586025022.975908,,,,,,,,,,,,,,,,,,,,,,,,,,,,,,,
1586025023.480506,,,,,,,,,,,,,,,,,,,,,,,,,,,,,,,
1586025023.984402,,,,,,,,,,,,,,,,,,,,,,,,,,,,,,,
1586025024.488699,0,0.456932,0.725609,-0.204337,1.341289,0,0.223309,2.617826,-0.296013,7.693289,0.294467,0,0.238239,-0.145201,-0.275178,0.087926,0,0.268353,0.091544,-0.410451,0.881391,0,0.422163,15.429483,-22.941418,46.350410,0,0.238843,0.403550,0.352542,0.493775
1586025024.993195,,,,,,,,,,,,,,,,,,,,,,,,,,,,,,,
1586025025.497691,,,,,,,,,,,,,,,,,,,,,,,,,,,,,,,
1586025026.001686,,,,,,,,,,,,,,,,,,,,,,,,,,,,,,,
1586025026.505982,,,,,,,,,,,,,,,,,,,,,,,,,,,,,,,
1586025027.010578,,,,,,,,,,,,,,,,,,,,,,,,,,,,,,,
1586025027.515374,,,,,,,,,,,,,,,,,,,,,,,,,,,,,,,
1586025028.019268,,,,,,,,,,,,,,,,,,,,,,,,,,,,,,,
1586025028.523364,,,,,,,,,,,,,,,,,,,,,,,,,,,,,,,
1586025029.027959,,,,,,,,,,,,,,,,,,,,,,,,,,,,,,,
1586025029.532656,,,,,,,,,,,,,,,,,,,,,,,,,,,,,,,
1586025030.036852,,,,,,,,,,,,,,,,,,,,,,,,,,,,,,,
1586025030.540746,,,,,,,,,,,,,,,,,,,,,,,,,,,,,,,
1586025031.045242,,,,,,,,,,,,,,,,,,,,,,,,,,,,,,,
1586025031.550036,,,,,,,,,,,,,,,,,,,,,,,,,,,,,,,
1586025032.054230,,,,,,,,,,,,,,,,,,,,,,,,,,,,,,,
1586025032.558424,,,,,,,,,,,,,,,,,,,,,,,,,,,,,,,
1586025033.062818,,,,,,,,,,,,,,,,,,,,,,,,,,,,,,,
1586025033.567311,,,,,,,,,,,,,,,,,,,,,,,,,,,,,,,
1586025034.071504,,,,,,,,,,,,,,,,,,,,,,,,,,,,,,,
1586025034.575596,1,0.590099,0.852127,-0.226409,1.693004,1,0.513117,5.264360,-0.243363,9.615751,0.380844,1,0.391136,-0.148844,-0.343552,0.104177,1,0.500248,0.387699,-0.497931,1.097786,1,0.537448,19.059577,-27.438458,57.423826,1,0.480426,0.531499,0.448056,0.627608
1586025035.079687,,,,,,,,,,,,,,,,,,,,,,,,,,,,,,,
1586025035.584178,,,,,,,,,,,,,,,,,,,,,,,,,,,,,,,
1586025036.088667,,,,,,,,,,,,,,,,,,,,,,,,,,,,,,,
1586025036.592859,,,,,,,,,,,,,,,,,,,,,,,,,,,,,,,
1586025037.097151,,,,,,,,,,,,,,,,,,,,,,,,,,,,,,,
1586025037.601642,,,,,,,,,,,,,,,,,,,,,,,,,,,,,,,
1586025038.105932,,,,,,,,,,,,,,,,,,,,,,,,,,,,,,,
1586025038.610422,,,,,,,,,,,,,,,,,,,,,,,,,,,,,,,
1586025039.114111,,,,,,,,,,,,,,,,,,,,,,,,,,,,,,,
1586025039.618902,,,,,,,,,,,,,,,,,,,,,,,,,,,,,,,
1586025040.123391,,,,,,,,,,,,,,,,,,,,,,,,,,,,,,,
1586025040.627780,,,,,,,,,,,,,,,,,,,,,,,,,,,,,,,
1586025041.131429,,,,,,,,,,,,,,,,,,,,,,,,,,,,,,,
1586025041.632271,,,,,,,,,,,,,,,,,,,,,,,,,,,,,,,
1586025042.133112,,,,,,,,,,,,,,,,,,,,,,,,,,,,,,,
1586025042.634052,,,,,,,,,,,,,,,,,,,,,,,,,,,,,,,
1586025043.134893,,,,,,,,,,,,,,,,,,,,,,,,,,,,,,,
1586025043.635734,,,,,,,,,,,,,,,,,,,,,,,,,,,,,,,
1586025044.136676,,,,,,,,,,,,,,,,,,,,,,,,,,,,,,,
1586025044.637518,0,0.212911,0.347071,-0.108499,0.885065,0,0.242526,2.071868,-0.063988,5.067856,0.222779,0,0.207851,-0.082613,-0.178163,0.051839,0,0.260894,0.108026,-0.252913,0.578229,0,0.306543,13.971587,-13.792240,29.704011,0,0.161279,0.271565,0.236391,0.330422
1586025045.138463,,,,,,,,,,,,,,,,,,,,,,,,,,,,,,,
1586025045.639305,,,,,,,,,,,,,,,,,,,,,,,,,,,,,,,
1586025046.140149,,,,,,,,,,,,,,,,,,,,,,,,,,,,,,,
1586025046.641092,,,,,,,,,,,,,,,,,,,,,,,,,,,,,,,
1586025047.141936,,,,,,,,,,,,,,,,,,,,,,,,,,,,,,,
1586025047.643479,,,,,,,,,,,,,,,,,,,,,,,,,,,,,,,
1586025048.146323,,,,,,,,,,,,,,,,,,,,,,,,,,,,,,,
1586025048.650365,,,,,,,,,,,,,,,,,,,,,,,,,,,,,,,
1586025049.154307,,,,,,,,,,,,,,,,,,,,,,,,,,,,,,,
1586025049.658348,,,,,,,,,,,,,,,,,,,,,,,,,,,,,,,
1586025050.162892,,,,,,,,,,,,,,,,,,,,,,,,,,,,,,,
1586025050.667537,,,,,,,,,,,,,,,,,,,,,,,,,,,,,,,
1586025051.171880,,,,,,,,,,,,,,,,,,,,,,,,,,,,,,,
1586025051.675824,,,,,,,,,,,,,,,,,,,,,,,,,,,,,,,
1586025052.179766,,,,,,,,,,,,,,,,,,,,,,,,,,,,,,,
1586025052.684712,,,,,,,,,,,,,,,,,,,,,,,,,,,,,,,
1586025053.189256,,,,,,,,,,,,,,,,,,,,,,,,,,,,,,,
1586025053.692902,,,,,,,,,,,,,,,,,,,,,,,,,,,,,,,
1586025054.197448,,,,,,,,,,,,,,,,,,,,,,,,,,,,,,,
1586025054.702195,1,0.402422,0.618639,-0.159029,1.397800,1,0.221677,2.329931,-0.053960,8.000516,0.336240,1,0.342170,-0.124974,-0.282037,0.079938,1,0.332506,0.088918,-0.393003,0.916231,1,0.515991,20.449147,-21.547452,47.552722,1,0.296320,0.437005,0.379480,0.527527
1586025055.206541,,,,,,,,,,,,,,,,,,,,,,,,,,,,,,,
1586025055.710788,,,,,,,,,,,,,,,,,,,,,,,,,,,,,,,
1586025056.214936,,,,,,,,,,,,,,,,,,,,,,,,,,,,,,,
1586025056.719384,,,,,,,,,,,,,,,,,,,,,,,,,,,,,,,
1586025057.223631,,,,,,,,,,,,,,,,,,,,,,,,,,,,,,,
1586025057.727878,,,,,,,,,,,,,,,,,,,,,,,,,,,,,,,
1586025058.232426,,,,,,,,,,,,,,,,,,,,,,,,,,,,,,,
1586025058.736775,,,,,,,,,,,,,,,,,,,,,,,,,,,,,,,
1586025059.241023,,,,,,,,,,,,,,,,,,,,,,,,,,,,,,,
1586025059.744971,,,,,,,,,,,,,,,,,,,,,,,,,,,,,,,
1586025060.249820,,,,,,,,,,,,,,,,,,,,,,,,,,,,,,,
1586025060.754269,,,,,,,,,,,,,,,,,,,,,,,,,,,,,,,
1586025061.258417,,,,,,,,,,,,,,,,,,,,,,,,,,,,,,,
1586025061.762767,,,,,,,,,,,,,,,,,,,,,,,,,,,,,,,
1586025062.267217,,,,,,,,,,,,,,,,,,,,,,,,,,,,,,,
1586025062.771667,,,,,,,,,,,,,,,,,,,,,,,,,,,,,,,
1586025063.275917,,,,,,,,,,,,,,,,,,,,,,,,,,,,,,,
1586025063.780067,,,,,,,,,,,,,,,,,,,,,,,,,,,,,,,
1586025064.284318,,,,,,,,,,,,,,,,,,,,,,,,,,,,,,,
1586025064.789368,1,0.341811,0.527913,-0.154627,1.462818,1,0.356387,4.021457,-0.004005,8.360649,0.335110,1,0.291200,-0.158805,-0.296820,0.081038,1,0.183828,-0.052976,-0.429931,0.968092,1,0.539781,22.182111,-21.854432,50.049336,1,0.227966,0.448725,0.404587,0.558100
1586025065.293520,,,,,,,,,,,,,,,,,,,,,,,,,,,,,,,
1586025065.797371,,,,,,,,,,,,,,,,,,,,,,,,,,,,,,,
1586025066.301421,,,,,,,,,,,,,,,,,,,,,,,,,,,,,,,
1586025066.806072,,,,,,,,,,,,,,,,,,,,,,,,,,,,,,,
1586025067.310523,,,,,,,,,,,,,,,,,,,,,,,,,,,,,,,
1586025067.814875,,,,,,,,,,,,,,,,,,,,,,,,,,,,,,,
1586025068.319127,,,,,,,,,,,,,,,,,,,,,,,,,,,,,,,
1586025068.823780,,,,,,,,,,,,,,,,,,,,,,,,,,,,,,,
1586025069.328332,,,,,,,,,,,,,,,,,,,,,,,,,,,,,,,
1586025069.832185,,,,,,,,,,,,,,,,,,,,,,,,,,,,,,,
1586025070.336839,,,,,,,,,,,,,,,,,,,,,,,,,,,,,,,
1586025070.841594,,,,,,,,,,,,,,,,,,,,,,,,,,,,,,,
1586025071.346250,,,,,,,,,,,,,,,,,,,,,,,,,,,,,,,
1586025071.850206,,,,,,,,,,,,,,,,,,,,,,,,,,,,,,,
1586025072.354060,,,,,,,,,,,,,,,,,,,,,,,,,,,,,,,
1586025072.858613,,,,,,,,,,,,,,,,,,,,,,,,,,,,,,,
1586025073.362968,,,,,,,,,,,,,,,,,,,,,,,,,,,,,,,
